,dissimilarity_0,dissimilarity_45,dissimilarity_90,dissimilarity_135,correlation_0,correlation_45,correlation_90,correlation_135,homogeneity_0,homogeneity_45,homogeneity_90,homogeneity_135,contrast_0,contrast_45,contrast_90,contrast_135,ASM_0,ASM_45,ASM_90,ASM_135,energy_0,energy_45,energy_90,energy_135,label
0,13.825333333333328,14.246219281663517,10.879999999999999,10.698960302457468,0.22114880065157938,0.2542922469539208,0.5721058600282284,0.5362530366679338,0.09898003495071245,0.08479078931732308,0.1178403234114553,0.1104062163914977,442.2253333333333,437.1951795841207,271.7795555555556,265.7840264650284,0.000764246913580246,0.0007380307031492887,0.0008314074074074076,0.0008710303350831367,0.027645016071260402,0.027166720507806764,0.02883413614810417,0.02951322305481285,blightrotated
1,19.339111111111105,18.172022684310033,8.862222222222218,17.14272211720228,0.4459137197548816,0.5287576107761413,0.8515671759648481,0.5633481951602601,0.0757050930552681,0.07902141960384867,0.1969305235443067,0.09310962738090606,858.9497777777775,766.503780718337,292.1235555555554,715.9678638941406,0.000674271604938271,0.0007039711836364227,0.001310024691358024,0.0007967694154895105,0.025966740360281477,0.026532455288503225,0.03619426323822636,0.028227104270355304,blightrotated
2,17.13999999999999,21.503780718336483,17.67066666666666,9.067107750472594,0.6935228316797887,0.5308409018100059,0.6478677019636946,0.9047922387320646,0.09642244940128535,0.07309160546678926,0.09756290315261278,0.12475919298622923,509.5115555555553,766.61247637051,558.1648888888886,154.63610586011345,0.0007330370370370365,0.0006268068295925187,0.0006720987654320982,0.0009593617447050295,0.027074656729809826,0.025036110512468162,0.025924867703270894,0.030973565256602758,blightrotated
3,22.745333333333328,25.69187145557655,20.329777777777768,22.404064272211716,0.6291860331654131,0.5684953420360244,0.6419216737735033,0.6319241149051246,0.0656794846967411,0.04787323862122596,0.12552647932168154,0.06865682288075516,1149.3471111111105,1372.1758034026464,1150.5431111111102,1168.4305293005673,0.0004429629629629625,0.0004729248037278311,0.0006837530864197524,0.0005078776876869367,0.021046685320091678,0.021746834338078523,0.02614867274680978,0.02253614181014436,blightrotated
4,17.971555555555554,16.198015122873354,11.416444444444442,17.499527410207943,0.3566594463169391,0.5235130716938224,0.7552928420516801,0.3998542771245568,0.08985399214285097,0.09587362472412145,0.12997661629888352,0.09597957275964912,744.4320000000001,579.657372400756,330.9737777777775,727.6346880907374,0.0008118518518518519,0.000824575383878703,0.0010088888888888886,0.0008373058272376113,0.02849301408857708,0.028715420663446723,0.031763011332190914,0.028936237268131656,blightrotated
5,21.030222222222225,18.985349716446116,4.746222222222221,18.99054820415878,0.40557071664119587,0.5117029237010778,0.973176247804869,0.5186602474335059,0.14804347823779934,0.13733482401652855,0.27507154412144735,0.13045413742419185,1213.827555555555,1052.594990548204,62.628888888888895,1028.2996219281658,0.001659061728395062,0.0017786886124620761,0.0027760987654321004,0.0016722665728038416,0.040731581461994106,0.04217450192310605,0.052688696752074826,0.04089335609611715,blightrotated
6,14.21111111111109,17.555765595463143,16.258666666666663,10.829395085066169,0.5259977311661217,0.3843294187249987,0.4373163995992804,0.6547769509307011,0.134456429882518,0.1186401420430109,0.11870155400914893,0.18221221060157144,491.418222222222,628.3572778827978,559.3288888888892,343.0089792060492,0.0012435555555555546,0.0011364712461719342,0.0011564444444444448,0.0016894638383939474,0.035264083081168504,0.03371158919677229,0.03400653531961827,0.04110308794231824,blightrotated
7,11.843555555555557,13.501890359168243,12.796888888888892,16.814272211720233,0.6775027611313551,0.6821974411722449,0.7771825987688117,0.5343819263614437,0.129347583796108,0.09264095337129165,0.0979251031921716,0.08366132498193725,357.2808888888891,350.2230623818524,315.0173333333334,532.1375236294895,0.000976888888888889,0.0008170934566414499,0.0007361975308641977,0.0007322238342487341,0.031255221785949444,0.028584846626166283,0.02713296023039502,0.02705963477670632,blightrotated
8,15.93911111111111,22.13941398865786,22.355999999999987,21.280718336483908,0.7053873827923473,0.4168974402751145,0.4013184899706751,0.455186017524975,0.06890521009780477,0.05623329384457807,0.0565939680046942,0.05930366985523735,432.7755555555557,828.4371455576562,865.8448888888882,791.6465028355386,0.0004558024691358023,0.00041887625473036505,0.0003928888888888887,0.0004329467447586306,0.021349530887956353,0.02046646659124054,0.01982142499642467,0.020807372365549442,blightrotated
9,22.140888888888878,23.030718336483947,20.762666666666664,15.118147448015128,0.11402711185441806,0.09706774887051493,0.24751361856524332,0.4301299146545423,0.06312492146217002,0.05707704324026409,0.06801716310251056,0.10185626592947715,970.4208888888887,971.9399810964087,849.0177777777777,590.5841209829867,0.0005695802469135802,0.0005606978605708242,0.0005832098765432104,0.0007505378053966357,0.023865880392593526,0.023679059537296328,0.024149738643372734,0.027395945053905982,blightrotated
10,16.72755555555554,6.694234404536862,17.044444444444427,23.814272211720237,0.6921103513803766,0.92201234696989,0.614630423306837,0.35917788732490824,0.07165208743801586,0.2081697502163108,0.07520112242037261,0.038828581698843484,568.325777777778,132.87759924385637,670.2204444444443,1112.4806238185254,0.0005445925925925921,0.00101843546871259,0.0005481481481481481,0.0005149129327010699,0.023336507720577902,0.03191293575828758,0.023412563895228305,0.022691693032937624,blightrotated
11,32.78488888888884,26.01606805293008,32.586666666666595,38.7637051039698,0.5651629399274499,0.6859693655807442,0.5316427561898467,0.3708965712897515,0.03181531902291301,0.04503950962832193,0.034888694679960086,0.025463407602208114,1749.724444444442,1173.9442344045372,1727.0808888888855,2373.3591682419683,0.00028701234567901163,0.00031558099063396796,0.0002923456790123444,0.0002945869261473486,0.016941438713374127,0.017764599365985373,0.017098119165930046,0.017163534780089695,blightrotated
12,13.824888888888887,9.303402646502839,11.20711111111111,16.36153119092628,0.3826957750514409,0.6287990914033196,0.6397203978256535,0.19420139186607618,0.10803555754971532,0.1539860298199167,0.10918158979225626,0.07877283590756408,409.3386666666667,243.6568998109643,246.10399999999996,529.6517013232516,0.000766716049382716,0.0009720921880639363,0.0007667160493827161,0.0007174833208857887,0.027689637942427417,0.031178392967950358,0.027689637942427417,0.026785879132217943,blightrotated
13,30.423999999999985,31.746691871455592,26.01333333333332,30.945179584120986,0.6283520505526284,0.6099196829937752,0.7015815572429054,0.6270945879759243,0.03798844685563261,0.032185243199412045,0.04474810091259202,0.03440206369860483,1498.6026666666664,1596.4206049149336,1240.2924444444436,1527.803402646503,0.0002954074074074074,0.0003005054656036821,0.0003028148148148148,0.0003044139350559783,0.01718742003348401,0.01733509346971288,0.01740157506706835,0.01744746213797234,blightrotated
14,22.098666666666624,10.593100189035916,19.373777777777754,24.113894139886597,0.313602805279655,0.7524357053821198,0.4582462207265972,0.23351175666046328,0.036650092117739994,0.12353749800696759,0.05574049363051786,0.025975520831416268,795.0862222222215,277.491965973535,673.2084444444438,879.8870510396978,0.0004174814814814803,0.0006489175996369359,0.0004293333333333323,0.0004381952608802859,0.020432363580395692,0.02547386110578716,0.020720360357226714,0.020933113979536965,blightrotated
15,31.567999999999955,17.539224952741044,32.12222222222219,40.905954631380055,0.4408678335657811,0.8127588077970759,0.457907068058066,0.20654825322499937,0.049098045706996864,0.08066386156900661,0.042188371198035306,0.031209837082778077,1986.595555555552,673.0959357277893,1979.5071111111088,2872.831285444237,0.00038172839506172695,0.00046823464038507737,0.0003650370370370362,0.0003721979624143724,0.01953787079140731,0.02163873010102666,0.019105942453515247,0.019292432775945403,blightrotated
16,31.756444444444387,37.156899810964084,35.5626666666666,29.03308128544422,0.5265505856838095,0.43645467603278293,0.4593625441617271,0.6187026627570514,0.0628086445606308,0.028369889948579148,0.03633087141920913,0.04387010226175259,2152.82933333333,2443.759924385632,2413.271999999994,1647.4451795841208,0.00033106172839506096,0.0003075407106178156,0.0003039012345679001,0.0003200478128651632,0.018195101769296618,0.01753683867228685,0.017432763251071244,0.017889880180290845,blightrotated
17,14.003111111111114,16.88846880907372,16.41199999999998,14.489603024574683,0.5662272806750493,0.404984465150204,0.403700362305696,0.43102797069022075,0.13097422477903045,0.10111860067787534,0.11243089626291665,0.1563913009793683,511.539111111111,701.0500945179585,735.6555555555552,669.3544423440457,0.0010606419753086426,0.0009298807179791388,0.0010271604938271596,0.0012610955864222908,0.032567498757329255,0.030493945595464336,0.032049344670791,0.035511907670840365,blightrotated
18,16.852000000000004,23.17344045368622,16.985777777777777,13.684782608695665,0.5115292902301449,0.12289014767916709,0.5401837634854483,0.6015432302433128,0.09101121119710796,0.07922694650055993,0.11566480070307925,0.12675781842862957,799.7311111111112,1421.1441398865788,822.5982222222221,627.0855387523629,0.0009579259259259262,0.0009083283007136197,0.000981135802469136,0.0011745509056928758,0.030950378445601053,0.030138485375241067,0.03132308737128472,0.034271721662222865,blightrotated
19,21.176444444444428,53.034971644612526,54.32799999999996,54.35302457466923,0.7212073734338459,-0.08811951418072748,-0.14184494384035687,-0.12685637413237677,0.0920500436995581,0.016875777368518127,0.018239526286532026,0.01666930223160662,1025.7026666666663,4116.928166351608,4287.00533333333,4276.720699432895,0.0004204444444444436,0.0002936935617011089,0.0002782222222222218,0.00030139883004992206,0.02050474199897291,0.017137489947512994,0.01667999467092906,0.017360841858905404,blightrotated
20,17.971555555555554,16.198015122873354,11.416444444444442,17.499527410207943,0.3566594463169391,0.5235130716938224,0.7552928420516801,0.3998542771245568,0.08985399214285097,0.09587362472412145,0.12997661629888352,0.09597957275964912,744.4320000000001,579.657372400756,330.9737777777775,727.6346880907374,0.0008118518518518519,0.000824575383878703,0.0010088888888888886,0.0008373058272376113,0.02849301408857708,0.028715420663446723,0.031763011332190914,0.028936237268131656,blightrotated
21,31.54133333333334,27.714083175803413,34.75866666666663,39.22022684310023,0.47212308034879824,0.5621736968425093,0.3894684738626787,0.25343576554582004,0.06208199367391412,0.07506160447386556,0.07419309668976318,0.04209195137696828,2236.2933333333317,1767.7103024574665,2645.072444444446,3095.7183364839334,0.00040869135802469125,0.000468234640385076,0.00040523456790123426,0.0003794565485400638,0.020216116294300725,0.02163873010102663,0.020130438840254682,0.019479644466469704,blightrotated
22,30.790222222222212,15.683364839319472,28.015555555555547,37.94659735349717,0.5660787193721964,0.8477231289841515,0.6035628018887782,0.4011594322483748,0.0524485089095009,0.14045096974175178,0.07462053589618368,0.04434504322499492,2110.52711111111,722.2854442344048,1945.4271111111127,2905.304820415878,0.0004933333333333329,0.0007491977587272768,0.000479111111111111,0.00044031700144010364,0.022211108331943567,0.02737147710167058,0.021888606879176,0.020983731828254564,blightrotated
23,21.232444444444443,23.649810964083176,18.342222222222222,18.910207939508503,0.6430859462239149,0.5710418742712441,0.6542173088998107,0.6367117902391489,0.09965605774671775,0.07620858278701098,0.12805159960523935,0.13022506861428548,1160.0679999999998,1357.1961247637055,1125.1075555555556,1134.0623818525526,0.000638419753086419,0.000558129437787887,0.0007342222222222216,0.0007436142309382833,0.025266969606314464,0.023624763232419643,0.027096535243868757,0.027269290987084416,blightrotated
24,33.83733333333335,22.054820415879,36.141777777777776,41.81899810964085,0.6703490261618449,0.8401428463860081,0.625587948594079,0.5010372850323191,0.043354320634071186,0.07324936188879518,0.03543950299402784,0.036198439076596256,2229.3200000000006,1038.7230623818532,2438.9213333333314,3313.3019848771305,0.00029185185185185184,0.0003575691196072056,0.00028730864197530853,0.0002954802905935876,0.017083672083362283,0.018909498132081815,0.016950181178244334,0.017189540150730837,blightrotated
25,26.09511111111109,26.468809073724017,17.73422222222221,22.396975425330808,0.5686187183086229,0.5543064961837233,0.7115753890682107,0.6169993096650656,0.06935091559904207,0.0647795455845397,0.11818465995041945,0.08989685387635094,1442.181333333333,1451.3969754253317,980.4551111111109,1261.019848771266,0.0004718024691358024,0.0004540524798010298,0.0006343703703703703,0.0005603628489034841,0.021721014459177602,0.021308507216626645,0.025186710193480417,0.023671984473285803,blightrotated
26,21.176444444444428,53.034971644612526,54.32799999999996,54.35302457466923,0.7212073734338459,-0.08811951418072748,-0.14184494384035687,-0.12685637413237677,0.0920500436995581,0.016875777368518127,0.018239526286532026,0.01666930223160662,1025.7026666666663,4116.928166351608,4287.00533333333,4276.720699432895,0.0004204444444444436,0.0002936935617011089,0.0002782222222222218,0.00030139883004992206,0.02050474199897291,0.017137489947512994,0.01667999467092906,0.017360841858905404,blightrotated
27,14.003111111111114,16.88846880907372,16.41199999999998,14.489603024574683,0.5662272806750493,0.404984465150204,0.403700362305696,0.43102797069022075,0.13097422477903045,0.10111860067787534,0.11243089626291665,0.1563913009793683,511.539111111111,701.0500945179585,735.6555555555552,669.3544423440457,0.0010606419753086426,0.0009298807179791388,0.0010271604938271596,0.0012610955864222908,0.032567498757329255,0.030493945595464336,0.032049344670791,0.035511907670840365,blightrotated
28,35.457333333333324,27.565217391304348,26.29599999999999,37.093572778828005,0.5773606778876113,0.7374571802604579,0.74915476459768,0.5345763117171342,0.09382778521313834,0.10546583200924282,0.11855859004929192,0.11544321101837964,2860.883999999999,1791.558601134216,1790.7466666666667,3132.4962192816665,0.0013494320987654318,0.0016226848460375713,0.0016912592592592593,0.0017423956818336125,0.03673461717189158,0.040282562555497524,0.04112492260490297,0.04174201338979246,blightrotated
29,11.088888888888885,12.590737240075605,7.7982222222222175,9.194706994328918,0.7847622881973721,0.7235879241504081,0.8788409391980099,0.8475681585798169,0.0976437754507421,0.0878405150422416,0.15458551205395296,0.11770494931153866,214.93155555555546,276.3251417769376,124.79644444444436,152.4017013232514,0.0006806913580246908,0.0006566228679857492,0.0008764444444444433,0.0007710851876601355,0.026090062438114073,0.02562465351933074,0.029604804414899336,0.02776842069077994,blightrotated
30,18.889333333333315,10.3445179584121,16.57199999999999,23.783081285444243,0.6906869560402293,0.8819409900402122,0.7525037165689084,0.5415993304243153,0.11315505696637987,0.16011721206240354,0.11715905836245522,0.08416456330181954,950.8102222222213,361.93241965973533,789.1204444444435,1423.8898865784493,0.0007458765432098757,0.0010926963883062164,0.0008159999999999989,0.0007250769186788212,0.027310740436866147,0.03305595843877797,0.02856571371417138,0.026927252341797173,blightrotated
31,30.790222222222212,15.683364839319472,28.015555555555547,37.94659735349717,0.5660787193721964,0.8477231289841515,0.6035628018887782,0.4011594322483748,0.0524485089095009,0.14045096974175178,0.07462053589618368,0.04434504322499492,2110.52711111111,722.2854442344048,1945.4271111111127,2905.304820415878,0.0004933333333333329,0.0007491977587272768,0.000479111111111111,0.00044031700144010364,0.022211108331943567,0.02737147710167058,0.021888606879176,0.020983731828254564,blightrotated
32,21.232444444444443,23.649810964083176,18.342222222222222,18.910207939508503,0.6430859462239149,0.5710418742712441,0.6542173088998107,0.6367117902391489,0.09965605774671775,0.07620858278701098,0.12805159960523935,0.13022506861428548,1160.0679999999998,1357.1961247637055,1125.1075555555556,1134.0623818525526,0.000638419753086419,0.000558129437787887,0.0007342222222222216,0.0007436142309382833,0.025266969606314464,0.023624763232419643,0.027096535243868757,0.027269290987084416,blightrotated
33,40.999111111111084,53.960775047259006,47.42266666666663,30.494328922495292,0.2753419278353321,-0.02789782586260573,0.1389766974777569,0.539144826442786,0.039836934998079915,0.025720016338904063,0.04363763915787531,0.06908435429712417,3357.1795555555527,4914.906899810965,4246.803111111109,2176.0850661625705,0.00032059259259259215,0.0003074290400620358,0.00030706172839506103,0.0003927453446778709,0.017905099625318822,0.017533654498193916,0.017523176892192266,0.019817803729926052,blightrotated
34,40.7422222222222,37.17674858223064,44.430666666666646,46.131379962192824,0.273050353052711,0.30893954989755423,0.12652030502386186,0.10282734170277831,0.037937751896770504,0.046212984002631144,0.03211768414682009,0.0259980813408906,2984.576888888886,2805.1068052930045,3574.563999999997,3632.8705103969783,0.0002875061728395057,0.00032328625898277934,0.0002867160493827158,0.00029414024392422855,0.01695600698394247,0.017980162929817387,0.016932691734709984,0.017150517307773214,blightrotated
35,39.30533333333328,23.080812854442335,29.232888888888883,45.836011342155,0.07306292132095626,0.5552006334077176,0.3682687886749819,-0.15596869875104363,0.027134891840781657,0.0730601015828258,0.04902252784471274,0.017961397382952268,2515.5355555555543,1156.439035916824,1660.75911111111,3087.1252362948944,0.000313876543209876,0.00041262270360669143,0.0003321481481481475,0.00032797642232553517,0.017716561269328652,0.02031311654096169,0.01822493204783347,0.018110119334933582,blightrotated
36,26.524444444444416,28.889886578449943,25.008444444444383,21.23251417769379,0.42495564402903563,0.31303396540164474,0.40289176605228966,0.587321076372796,0.059860880079385795,0.047817146459407274,0.07286611105690223,0.07988397349029204,1393.9573333333315,1637.7689035916846,1564.1391111111077,967.909262759926,0.00044651851851851775,0.0004239014297404613,0.0004843456790123439,0.0005154712854799697,0.021130984797650056,0.02058886664536106,0.02200785493891542,0.022703992721104578,blightrotated
37,27.117777777777764,20.581758034026475,29.801333333333286,31.87996219281665,0.4223592892817977,0.6843556584417639,0.3594960364513433,0.30870222121581414,0.04753060016385471,0.05874998087510707,0.0390649903252718,0.0374806134821896,1417.2635555555544,777.899338374291,1609.441333333332,1708.3837429111531,0.0003582222222222217,0.00039866388413420503,0.00033718518518518445,0.00034271693568848044,0.018926759422104505,0.019966569162833285,0.018362602897878732,0.018512615582042438,blightrotated
38,33.84933333333331,22.077032136105892,36.193333333333314,41.87381852551987,0.6708721969465355,0.8395346518965088,0.6258457126161155,0.5007455121894844,0.03681168503481235,0.07414453632683402,0.036478130716447496,0.03718075250789315,2226.914222222221,1043.1233459357288,2437.839555555553,3316.8605860113416,0.0002847407407407404,0.0003466254051407771,0.0002902716049382712,0.00029402857336844885,0.01687426267250633,0.018617878642336702,0.01703735909518465,0.017147261395582935,blightrotated
39,10.358222222222217,15.304347826086953,13.717777777777775,10.676748582230616,0.8014950115327992,0.6370429836657723,0.6974827382010444,0.8316222224623437,0.16291593016102618,0.0947184603184121,0.11157633628192502,0.1347392185872468,292.49866666666674,528.0500945179585,449.97555555555556,235.90453686200388,0.0011781728395061732,0.0009524381702466761,0.001125530864197531,0.0012474717786171434,0.034324522422113514,0.030861597013872696,0.0335489323853611,0.03531956651230509,blastrotated
40,25.56133333333332,18.11058601134215,26.947111111111095,28.620037807183355,0.6853091637262313,0.8150108787503212,0.6361861844953935,0.5889346393580017,0.05018284069882514,0.07087608731926687,0.038732351323524115,0.04242887914828084,1219.2493333333334,678.8657844990545,1321.393333333332,1525.1370510396955,0.0003533827160493827,0.00039966891913622356,0.00032780246913580207,0.00034908215736793397,0.0187984764289392,0.019991721264969245,0.018105316046283258,0.018683740454414743,blastrotated
41,18.49733333333331,14.186672967863911,14.200444444444436,19.061436672967886,-0.026949974720460342,0.40906530283386033,0.29991454260640577,-0.07520234727910118,0.07803232025581837,0.1013897316185201,0.09777325838898902,0.08202688121510118,842.7773333333319,481.69706994328976,535.8982222222218,876.6786389413995,0.0007517037037037023,0.0008648884545152442,0.0009471604938271599,0.0007548929570720529,0.027417215462254774,0.029408985948434947,0.03077597267069166,0.027475315413513505,blastrotated
42,10.962666666666655,7.505671077504729,10.251999999999995,15.317107750472589,0.7765060650506103,0.8860089099826206,0.834062216784904,0.5707022676700825,0.1819051432407353,0.16589075280508198,0.14068260339553887,0.11781014134945544,316.82755555555553,142.13988657845007,252.8253333333334,581.7821361058601,0.0016642962962962959,0.0018805321593333365,0.001559802469135804,0.0013286562726691211,0.04079578772736587,0.04336510301306036,0.039494334646070495,0.03645073761488402,blastrotated
43,25.56355555555554,18.11011342155009,26.92355555555555,28.616257088846865,0.6851820617065782,0.8150467283894951,0.6367347626140394,0.5892613089423919,0.05159717394034251,0.07289883569799947,0.039245826700422426,0.042586828342380846,1219.2319999999995,678.4673913043483,1318.9653333333335,1523.3412098298672,0.0003465679012345675,0.0003901769218949331,0.0003355061728395057,0.00034461533513673856,0.01861633425877843,0.019752896544429455,0.018316827586662098,0.018563817903026806,blastrotated
44,6.175555555555548,3.8983931947069976,6.5431111111111,8.790170132325146,0.7889529708194941,0.9533966523861965,0.8744564654642728,0.6279030691188627,0.37198740978953754,0.2854966738067822,0.15975858038088295,0.16588855771955283,207.32933333333295,37.448487712665404,131.4728888888887,344.4111531190927,0.004868246913580228,0.004219695291254674,0.003641975308641964,0.0031550282124492117,0.06977282360332157,0.06495918173172037,0.06034878050666777,0.0561696378166106,blastrotated
45,18.503555555555547,14.199905482041599,14.180888888888887,19.06049149338375,-0.027746738418639075,0.4075191102468142,0.30034060526414136,-0.07473547711369317,0.07949010260011836,0.09494266278433652,0.09955713171247522,0.08003723799528542,842.7622222222218,482.6091682419666,535.2173333333336,875.6606805293013,0.0007569382716049385,0.0008657818189614834,0.0009377777777777778,0.0007684050943214198,0.027512511183186067,0.029424170658856018,0.03062315754094894,0.02772012074868037,blastrotated
46,15.443111111111113,15.487240075614377,10.390666666666666,15.479678638941419,0.47040407510502613,0.4697460139248002,0.6936141635094645,0.43704354459080047,0.06437411507031346,0.06245845787176866,0.11705970331048209,0.06752388327673527,397.96399999999994,394.7301512287335,220.12577777777778,418.2386578449908,0.0005354074074074074,0.0006084928584446173,0.0007067654320987658,0.0005732049628181725,0.02313887221554688,0.02466764801201398,0.026585060317756773,0.023941699246673626,blastrotated
47,15.472888888888871,15.492438563327049,10.384444444444442,15.50236294896031,0.4696442315933491,0.469295886396728,0.6940059085236269,0.43689648110985346,0.06494458834892472,0.06500961777171518,0.1186778659908678,0.06685137888667679,399.0408888888887,395.50661625708926,220.0324444444443,418.7764650283554,0.0005383703703703693,0.0005900672167409356,0.0007037037037037039,0.0005777834556051474,0.023202809536139568,0.02429129919829188,0.026527414191807385,0.024037126608751458,blastrotated
48,10.96977777777778,7.495274102079396,10.229777777777775,15.28686200378072,0.7761905315024357,0.8857620670811714,0.8341217505695228,0.5701033259381315,0.1760503396616395,0.1675618076374036,0.14563272831592458,0.12047672542540679,316.991111111111,142.3260869565219,252.67511111111094,582.1828922495275,0.0016175802469135796,0.0019104598682823438,0.0015726419753086416,0.0013301079898942613,0.04021915273739092,0.04370880767399568,0.039656550219461115,0.03647064559195876,blastrotated
49,21.852444444444444,27.482986767485837,24.604000000000006,16.029300567107747,0.6493096080304582,0.4714964082024318,0.6181685208290093,0.8267225096046489,0.07307323684492202,0.06542885118388513,0.05746692471123689,0.10169793908524889,1207.1093333333336,1780.0170132325152,1351.9480000000003,566.6275992438567,0.0005145679012345679,0.00048297515374802187,0.0004581728395061725,0.0006461258357424399,0.02268408916475528,0.021976695696760737,0.021404972307998264,0.025419005404272603,blastrotated
50,16.19333333333333,17.530718336483943,17.0982222222222,13.957466918714562,0.2401834522034846,0.16771403589844558,0.17784490463069416,0.34875894549011727,0.07623037250444709,0.06597889657299653,0.06972421108465562,0.10089146491032863,483.06355555555496,530.4078449905485,529.8857777777773,415.18431001890343,0.0006268641975308635,0.0005998942256495651,0.0006151111111111105,0.0007601414731937065,0.02503725619014319,0.02449273822277871,0.024801433650317686,0.027570663270833847,blastrotated
51,14.101777777777777,10.928638941398862,12.74044444444444,16.645085066162576,0.7400564658122429,0.829659305104687,0.7967195017425429,0.6308929594671413,0.10235164749285934,0.1382831273534389,0.1045048023966476,0.08203862306468938,454.91866666666635,279.6110586011344,361.5306666666665,627.8690926275997,0.0006888888888888888,0.0009127951229448151,0.0007069629629629632,0.0006322786868257338,0.026246692913372702,0.03021249944881779,0.02658877513092627,0.025145152352406493,blastrotated
52,10.408888888888887,15.339319470699436,13.75244444444445,10.705576559546314,0.800607837085644,0.636463822124205,0.6971829297371385,0.8313957608753603,0.159078607918366,0.09391603930141035,0.10742908269344907,0.13461851880823514,294.2506666666667,529.6465028355387,451.0066666666665,236.55907372400745,0.0011929876543209862,0.0009773407041855909,0.001117234567901235,0.0012281527724672216,0.03453965336133219,0.03126244878741252,0.03342505898126786,0.03504501066439018,blastrotated
53,8.292444444444442,5.2731568998109655,5.903555555555555,9.820888468809075,0.8669172097517032,0.9408464786365575,0.9424974414115984,0.8380526573065259,0.20645069358459528,0.28783142228879266,0.1912541445427863,0.12486880187903392,188.5128888888887,85.76086956521742,95.07333333333334,241.21219281663514,0.0023074567901234543,0.0029142664941877706,0.001996444444444446,0.0015861685742975487,0.04803599473440156,0.05398394663404826,0.044681589546976125,0.039826731905813574,blastrotated
54,22.52488888888887,29.054347826086968,24.679555555555535,18.698960302457472,0.6842634890769762,0.5435941991521464,0.6472171245458775,0.7738938402128684,0.05309250046470536,0.027788923418077538,0.04477915303407252,0.06959202330134931,966.1719999999993,1387.248109640832,1084.9311111111099,676.5571833648396,0.0003559506172839499,0.00037063457463345297,0.00036711111111111026,0.00041306938582981115,0.01886665357936987,0.019251871977380614,0.019160143817599864,0.02032410848794631,blastrotated
55,14.089333333333334,10.913043478260873,12.729333333333336,16.62948960302457,0.7401203024342756,0.829922152845059,0.7970502462652632,0.6309109293158305,0.10534514847588286,0.13578611055583778,0.1072499482973044,0.08257398262891372,454.65644444444473,279.0321361058602,360.7951111111113,627.4886578449909,0.0006829629629629628,0.0009237388374112444,0.0007164444444444451,0.0006360754857222499,0.026133560089719173,0.030393072194354494,0.02676647986651299,0.025220536983225593,blastrotated
56,6.667999999999995,12.238657844990565,12.507111111111104,10.135633270321367,0.8726451283648189,0.6311696525511802,0.6111772403990949,0.7039842065179006,0.3036456898367134,0.1970840574707139,0.1597759495976919,0.18951213188818194,153.57644444444438,420.9305293005676,438.579111111111,331.0061436672971,0.0037994074074074085,0.0025558040101343283,0.0025100246913580216,0.002837995504590108,0.061639333281658784,0.050554960292085366,0.05010014662012499,0.05327284021516131,blastrotated
57,6.674666666666665,12.239603024574665,12.511555555555562,10.126181474480159,0.8726258150889212,0.631206631620367,0.6111033262926706,0.7037138879128383,0.30163023725732774,0.19774355125633933,0.15877055653901956,0.19548469610437977,153.4515555555557,420.54584120982963,438.26088888888887,331.0250472589794,0.0036801975308642,0.0025006387555790567,0.002510024691358026,0.002824706708452299,0.060664631630499496,0.050006387147833994,0.05010014662012503,0.053147969937263825,blastrotated
58,8.303999999999995,5.281190926275995,5.892444444444443,9.833648393194709,0.8665428057680982,0.9407436845342191,0.9425525897042463,0.8377844002408945,0.20732851813381598,0.2880552159020374,0.1948132988068742,0.12285203113515332,189.32533333333325,86.01559546313803,95.0915555555555,241.91776937618147,0.002400987654320985,0.0029846189443291033,0.002035654320987653,0.0016275983504918877,0.04899987402352158,0.05463166613173264,0.04511822603990158,0.04034350443989575,blastrotated
59,18.04622222222221,14.979678638941394,13.14711111111111,17.543005671077502,0.7892201765827764,0.8669902959010741,0.912821998262118,0.8041432741228438,0.07920570141695357,0.07756138435316404,0.08475804529528476,0.074297663195435,733.3715555555556,471.43620037807153,313.179111111111,685.0902646502831,0.0003951604938271599,0.00044076368366322336,0.0004390123456790121,0.0004419920597768015,0.019878644164710024,0.02099437266657957,0.02095262145124118,0.021023607201829126,blastrotated
60,17.608000000000004,15.329867674858223,14.420888888888886,19.191871455576575,0.8326742161493524,0.8727029198829602,0.9024366918651816,0.8189621827684599,0.09169733108131722,0.121632656869462,0.12868020529877927,0.09968687079522832,816.6008888888889,629.9120982986767,495.1284444444446,903.0283553875238,0.0007565432098765437,0.0008862175306692012,0.0009032098765432102,0.000750984487619755,0.0275053305720281,0.029769405950895313,0.030053450326762984,0.02740409618323062,blastrotated
61,17.99911111111111,14.923913043478253,13.091555555555553,17.460302457466927,0.7898141017570379,0.867419914859846,0.9134121820049836,0.8048834967861451,0.07768786901153424,0.08074290907069914,0.08523038703368324,0.07429136627327829,731.0488888888884,469.74432892249513,310.9733333333331,682.286389413989,0.0003966419753086416,0.00044143370699790225,0.00044148148148148107,0.0004427737536672615,0.01991587244658495,0.021010323819444152,0.02101146071746277,0.0210421898496155,blastrotated
62,6.179999999999992,3.9045368620037824,6.553333333333326,8.784026465028358,0.7887483192090328,0.9532809085021103,0.8743329367064874,0.6278019460711666,0.36706270561230564,0.2867919296770531,0.15628669641455678,0.16342592771054743,207.5915555555552,37.56238185255199,131.6697777777776,344.7197542533083,0.004925827160493802,0.00418664080674383,0.003796049382716038,0.003149891366883337,0.0701842372651709,0.06470425648088254,0.06161208795939347,0.056123893012542676,blastrotated
63,17.55555555555553,15.325614366729697,14.423555555555534,19.18005671077507,0.8330015594028614,0.8729273264207152,0.9026332807354857,0.8193006640641518,0.09724533350892205,0.11866372392126164,0.12858542665485273,0.09834334280457552,814.4577777777768,628.4210775047264,493.88844444444425,900.7500000000008,0.0007994074074074057,0.0009069882540442623,0.0009137777777777768,0.0007631565781997641,0.028273793650789164,0.030116245683090417,0.030228757463345673,0.02762528874418807,blastrotated
64,12.374222222222222,10.942344045368621,8.409333333333327,14.323724007561438,0.43730520208420753,0.41213561032730583,0.5083521410857347,0.17767819155551956,0.06755755290567207,0.09613542504579305,0.13779659910227118,0.060662401090070636,236.56800000000004,232.81852551984883,198.7702222222222,339.3549149338376,0.0007380740740740743,0.0008600866206167076,0.0011306666666666665,0.000747522700390579,0.02716751873237735,0.029327233429300957,0.03362538723444931,0.02734086136884826,brownspotrotated
65,7.342666666666669,7.747164461247638,5.270222222222221,7.432892249527412,0.4009724812211501,0.32243825836157664,0.6455712170571317,0.34591237686219223,0.1462368878294605,0.1461708642323251,0.2142297971451399,0.15274911603742933,103.87244444444445,120.44281663516068,74.15999999999995,115.00756143667296,0.0020652839506172843,0.0021168270553635804,0.002389827160493826,0.002104431623672013,0.04544539526307681,0.04600898885395745,0.048885858491938404,0.04587408444505474,brownspotrotated
66,7.047555555555557,6.847826086956523,5.85422222222222,7.703686200378075,0.667380054878612,0.6639145651372373,0.7377528831929537,0.5771710799567367,0.14380568097674584,0.14438247416488142,0.16572113604818925,0.12865767232496247,82.98888888888895,76.42060491493388,59.4488888888889,97.48818525519854,0.001181530864197532,0.0012516035891810002,0.0014363456790123458,0.001151658441757999,0.034373403442160506,0.03537800996637601,0.03789915142865795,0.03393609349583418,brownspotrotated
67,11.459111111111115,12.848771266540643,11.126666666666665,6.11389413988658,0.19123296796508787,0.018176677080664408,0.2218904718040417,0.7604148115211853,0.10917225547869827,0.09914617215343777,0.10956946271562355,0.17134116011817319,258.2137777777779,309.55576559546324,239.92577777777782,75.43809073724005,0.0011980246913580253,0.0012074937196479426,0.0012288395061728402,0.0017229650051279117,0.034612493284333405,0.0347490103405542,0.035054807176375116,0.04150861362570318,brownspotrotated
68,9.50444444444445,10.540170132325143,10.830666666666664,4.366257088846882,0.37315810773304553,0.22839923327115702,0.21475964680525178,0.8162776382108615,0.11002163787275542,0.09806786359686888,0.09125487430791582,0.2464903665349857,177.74266666666674,216.23487712665425,241.3026666666666,50.47117202268432,0.0011365925925925933,0.001109000289450081,0.0010929382716049377,0.0021472014465357125,0.03371338892180069,0.03330165595657491,0.033059616930704715,0.0463379050727988,brownspotrotated
69,12.073777777777781,12.429584120982982,8.10844444444444,12.410207939508501,0.0785322903011263,0.017783461971401134,0.5223391280231626,0.01294017696869639,0.07846733205393028,0.0811741883194762,0.12743831465345798,0.08371242216462016,235.78844444444454,255.63941398865782,134.1137777777778,257.75992438563327,0.0009417283950617285,0.0009615951558206259,0.0011782716049382716,0.0009857159958690813,0.0306875935039183,0.031009597801658535,0.03432596109271045,0.031396114343483356,brownspotrotated
70,9.837777777777774,12.088374291115317,8.914222222222223,4.3747637051039705,0.7729037335010772,0.6716776201745857,0.8104066466512381,0.9569205386620734,0.12048427822945532,0.08661063037425495,0.13414804679049164,0.21641202613186286,180.36311111111107,260.01275992438565,156.7124444444445,33.71408317580342,0.0012427654320987646,0.0011963266640699537,0.0013084444444444448,0.001979248930642759,0.035252878351969566,0.03458795547687018,0.0361724265766681,0.04448875060779701,brownspotrotated
71,9.517333333333333,3.8062381852552005,7.906222222222224,11.242438563327037,0.5411432971786817,0.9230729816745963,0.6755716482768532,0.3940476263271171,0.16086281959355672,0.29227663586135055,0.20693424053341938,0.13699202504135424,197.55200000000008,32.85822306238187,149.3844444444444,262.522211720227,0.001955456790123457,0.0034865780925597057,0.002283654320987655,0.0018187783419870577,0.0442205471486215,0.05904725304838241,0.04778759589043641,0.0426471375591265,brownspotrotated
72,15.14311111111111,17.653119092627602,12.783111111111108,17.472589792060493,0.3627811149089049,0.09011431340397125,0.3798904810840566,0.11229650506393934,0.06535144031183837,0.0576975636151941,0.11236148437795755,0.06366043394904364,377.93866666666685,555.9035916824197,390.11911111111095,536.9867674858223,0.0006178765432098766,0.0006058127651058996,0.0007767901234567898,0.0005844836889519408,0.024857122585083668,0.024613264007561038,0.0278709548357567,0.024176097471509762,brownspotrotated
73,9.440000000000001,12.086483931947077,9.173333333333334,12.284499054820424,0.6164889868586472,0.3157405833715282,0.39679922588530814,0.25627003386788444,0.1182285918268681,0.09269083799170717,0.16070393738414634,0.09532394312342267,151.17066666666668,274.8946124763707,241.88000000000005,299.2854442344046,0.0008971851851851852,0.0008569598450548709,0.0011924938271604937,0.0008753854867585531,0.02995304968087866,0.029273876495176907,0.034532503922543666,0.029586914113481876,brownspotrotated
74,11.76933333333334,12.914461247637057,7.550222222222221,9.104442344045363,0.5396464883567252,0.4543564330999822,0.7702095315155445,0.7133928171702754,0.08443532587474448,0.07486478105670197,0.14921420985401382,0.11996948729702844,222.15066666666672,269.07514177693764,119.95999999999998,138.1309073724007,0.0007790617283950616,0.0008055913893961212,0.0009744197530864194,0.0009159218985066517,0.027911677276635696,0.028382941873528918,0.031215697222493996,0.0302642016003504,brownspotrotated
75,20.16133333333332,20.26795841209829,8.81866666666666,15.337901701323254,0.03427163438176742,0.04348695279362972,0.8100383742848536,0.40778135372104946,0.07021765261386258,0.06777802673723224,0.13636205888307698,0.09648281711484183,692.8022222222218,696.3275047258978,157.04266666666666,431.2273156899812,0.0007002469135802464,0.0007011794197419245,0.0009403456790123451,0.0008553964572739522,0.026462178927296336,0.026479792668031306,0.030665056318427742,0.029247161525077135,brownspotrotated
76,12.206222222222227,13.677221172022687,11.689333333333334,7.493383742911155,0.4217933293453895,0.27632139653512455,0.4671809444080315,0.6854595596799471,0.11872926699340024,0.10746184269137384,0.12124531194011534,0.18329441903033256,395.09244444444437,469.756616257089,366.98888888888865,176.4224952741021,0.0010910617283950619,0.0010641087260265653,0.0011376790123456782,0.0015382619058679748,0.033031223537662996,0.032620679423129205,0.03372949765925485,0.039220682118851206,brownspotrotated
77,7.578666666666669,5.3775992438563325,5.965333333333333,9.067580340264655,0.7591915718331278,0.7670173158525306,0.7358499723803851,0.6026417551008425,0.11509342409574838,0.21765382306187667,0.1837107472307313,0.1049741655438453,100.58222222222223,95.23109640831758,108.90044444444442,162.76039697542546,0.0018705185185185185,0.002275957597349924,0.002110024691358023,0.0018050428636261315,0.04324949154057789,0.04770699736254551,0.045935005076281676,0.04248579602203696,brownspotrotated
78,19.667999999999985,18.603024574669178,16.958666666666666,16.50330812854442,0.5635841282583149,0.5804278920083807,0.6378014628118648,0.6539642225815228,0.04176257407250088,0.055162378819506995,0.06570730751933047,0.0638304198901564,595.2884444444439,559.1134215500942,470.19155555555545,461.3672022684309,0.0004321975308641972,0.0004469055642311164,0.0004516543209876536,0.00047672160262434733,0.02078936100182488,0.021140141064598324,0.021252160384009285,0.02183395526752648,brownspotrotated
79,12.712444444444449,11.52079395085066,8.129777777777777,13.11294896030246,0.2919551918705452,0.39094174812849103,0.6488821264741705,0.21222739068314128,0.08469767247390193,0.09605530756505376,0.13009286317853894,0.08387230186913514,264.7382222222222,230.8223062381853,138.60088888888887,293.41635160680545,0.0007645432098765432,0.0008308289350023761,0.0010190617283950616,0.000806149742175021,0.027650374497943844,0.028824103368576378,0.03192274625396539,0.028392776232257052,brownspotrotated
80,8.44488888888889,10.029773156899807,6.484000000000003,4.017485822306238,0.4284140779101005,0.08227931592692199,0.5571273236353089,0.8246716208901861,0.08879766448859788,0.07339575166949326,0.12736285079489998,0.20976039228876156,98.852,142.68289224952744,65.28222222222223,26.976843100189022,0.002123160493827161,0.0023177223852116013,0.002136296296296299,0.003003491268255901,0.046077765720867594,0.04814272930787785,0.04622008542069453,0.05480411725642428,brownspotrotated
81,15.808444444444442,13.931947069943293,5.228888888888886,15.039697542533087,0.5130453285755956,0.6283322826780462,0.9342846126096157,0.5534107443283872,0.0755526773701992,0.08067425692740537,0.19200849547645193,0.0761320212559305,415.49199999999985,317.8421550094518,59.58177777777777,379.8052930056713,0.0005740246913580249,0.0006291519112638964,0.0009768888888888887,0.0006089395406677368,0.023958812394566324,0.025082900774509642,0.031255221785949444,0.024676700360213008,brownspotrotated
82,13.97288888888889,11.691871455576566,11.888444444444445,14.822306238185263,0.17125634405657794,0.39686241046675247,0.3398014937478981,0.0432826464867886,0.10325457372674525,0.10771534784104003,0.12392597959543628,0.09684393136378631,336.5204444444445,249.47353497164485,275.4671111111112,393.84688090737257,0.0007860740740740738,0.0008578532095011105,0.0008728888888888885,0.0007692984587676579,0.02803701257399001,0.029289131252072165,0.029544693074880446,0.02773623007489767,brownspotrotated
83,9.841333333333331,8.307655954631377,8.999555555555563,12.677693761814751,0.5925878528541344,0.6440017629119367,0.5479309336285406,0.28692704756066817,0.12580044793831613,0.1543261544422478,0.13626136669552,0.09789148788358185,187.64133333333328,168.98062381852546,218.1746666666667,336.9499054820417,0.001084444444444444,0.0011613737801108473,0.0010449382716049389,0.0009213937557398667,0.03293090409394258,0.03407893455069931,0.03232550497061011,0.030354468464130067,brownspotrotated
84,14.008444444444443,10.44943289224954,11.311111111111108,15.842155009451798,0.17036487075432893,0.4504575763437632,0.4045871863839837,0.018031213980280184,0.08736539473555066,0.11549759273236349,0.10589972368960235,0.06494210973396808,338.2093333333333,227.76984877126662,238.00888888888883,407.62003780718345,0.0007177283950617283,0.0008704719823042379,0.0008014814814814811,0.0006758302035798909,0.02679045343143203,0.029503762172038973,0.028310448274117474,0.025996734479158932,brownspotrotated
85,11.490222222222227,14.213137996219286,10.49555555555556,7.988185255198485,0.33142876267169635,-0.05717118978335103,0.3252302806881336,0.5302897627851088,0.08122506899055704,0.06324341293360894,0.10149102864974192,0.13782980960935678,214.5586666666667,344.25756143667303,221.93199999999987,151.39839319470696,0.0010258765432098764,0.001031724264850398,0.0012181728395061731,0.0014753913829638966,0.03202930756681881,0.032120464891567155,0.034902332866245105,0.038410823773565396,brownspotrotated
86,15.01155555555556,14.45368620037808,7.6746666666666625,15.133270321361067,0.07115429233264373,0.05827894051546655,0.7185149667259599,0.02822865837085053,0.06884155164106776,0.08366729030022926,0.14509479391448832,0.06762031318971569,368.8888888888889,372.28166351606825,110.81155555555553,381.49149338374275,0.0006325925925925925,0.0006931391397257728,0.0009204938271604931,0.0006613130313285043,0.02515139345230384,0.02632753577009768,0.030339641183779565,0.02571600729756671,brownspotrotated
87,2.900888888888889,3.927693761814745,3.5084444444444447,3.8024574669187143,0.7048768386343796,0.35274093918626864,0.41493414871670803,0.32050778695336873,0.29092772024245855,0.25033848873798403,0.28199957616096205,0.27524907059418163,14.638666666666667,31.715028355387513,27.39111111111111,32.90453686200378,0.007487604938271605,0.006469298637440541,0.007245530864197534,0.006901463688308714,0.08653094786416941,0.08043195035208671,0.08512068411495254,0.08307504853028203,brownspotrotated
88,10.18311111111111,12.080340264650287,8.828444444444443,5.667296786389416,0.43830249273682964,0.20339707361496773,0.546746018246846,0.8038092220615274,0.1005725651936883,0.09075256092687546,0.1360442996511117,0.1946611818071571,215.10755555555556,313.97069943289245,169.32977777777774,77.70037807183365,0.001384,0.0013162608409775557,0.0015057777777777775,0.002105771670341372,0.03720215047547655,0.03628030927345515,0.03880435256228066,0.045888687825447486,brownspotrotated
89,10.631555555555556,9.66209829867675,6.985777777777779,10.53497164461247,-0.08809397587210262,-0.030378490058641187,0.38357775616908574,-0.10070585307175703,0.09882276746226344,0.11662820487743007,0.1636182294565906,0.09990522722030669,179.64666666666665,159.02882797731564,95.8808888888889,176.87240075614363,0.001320790123456791,0.0014675744440593049,0.0017529876543209873,0.001342726762697388,0.036342676338662665,0.03830893425898592,0.04186869539788632,0.03664323624759947,brownspotrotated
90,10.922222222222228,13.02362948960303,9.642222222222223,8.703686200378078,0.537779540706779,0.2911364011494787,0.504276486577334,0.6154270254480514,0.10415421816020176,0.10073940864253735,0.15564255630822682,0.13262063588956396,218.19688888888888,316.6181474480153,214.8822222222223,166.51748582230638,0.0007943703703703707,0.0008032463077247441,0.0010450370370370368,0.001057855174902892,0.028184576817301528,0.028341600302818896,0.03232703260488096,0.03252468562342904,brownspotrotated
91,12.145333333333332,8.220699432892253,10.773333333333333,12.880434782608695,-0.06114639154918117,0.4880659387049751,0.2113635126666104,-0.1345751592878954,0.09406672488673411,0.1455496071560103,0.11043071739464283,0.08304826602336406,256.40844444444446,130.38327032136107,223.53777777777765,288.90500945179593,0.001286320987654322,0.0016254766099320706,0.0013244444444444451,0.001201910191858949,0.03586531733659026,0.0403171999267319,0.03639291750388316,0.03466857643254117,brownspotrotated
92,10.892444444444443,11.197542533081284,9.82577777777778,10.570415879017016,0.4062546060767732,0.3665999702925882,0.43317345730665824,0.35621913394123544,0.09948480122385692,0.10188011083954059,0.1355439579253401,0.12070255870443866,199.89155555555553,207.0482041587902,187.24622222222217,212.51559546313788,0.0008621234567901235,0.0008419959905803655,0.0009811358024691358,0.0009600317680397085,0.029361938914011173,0.02901716717014887,0.03132308737128471,0.030984379419954636,brownspotrotated
93,5.783555555555555,4.8530245746691865,2.9164444444444446,5.967391304347826,0.7633911255415511,0.8251323302559991,0.938072180968752,0.7383449054594283,0.16066563277301776,0.1822138426312501,0.2840432537335532,0.15460320912934047,56.388000000000005,38.2150283553875,13.796444444444438,58.8265595463138,0.0015745185185185187,0.0018555179548386397,0.002576098765432099,0.0015842701748492896,0.039680203105812335,0.04307572349756461,0.050755283128282314,0.03980289153879765,brownspotrotated
94,2.7799999999999994,2.940926275992438,3.6151111111111094,3.943761814744802,0.9218419179318085,0.9024733066391638,0.8609442145942386,0.837665856359637,0.30138750108363466,0.28549377011058025,0.2388476963478543,0.2272878228741727,13.081333333333337,14.751890359168243,21.650666666666655,25.412570888468807,0.003548543209876542,0.003472172590864097,0.002769777777777775,0.0027140411876744285,0.059569650073477365,0.05892514396133536,0.05262867828264144,0.05209646041406679,brownspotrotated
95,4.595111111111111,8.38610586011342,7.885777777777778,7.90217391304348,0.8417880180858989,0.3912037743484536,0.3342570324058848,0.39954400568391235,0.23204660827424525,0.1458902583461862,0.19355238267912306,0.1802964116564277,39.87333333333334,154.17344045368623,159.092,152.1517013232515,0.0040368395061728376,0.0032878045032715005,0.0034849382716049386,0.003317620541664732,0.06353612756670678,0.057339380039127565,0.05903336574857424,0.057598789411451454,brownspotrotated
96,5.638222222222224,3.3591682419659734,4.237777777777778,5.9820415879017,0.5995769987976071,0.8468400257048146,0.7273306418799231,0.45307351066165663,0.16145706011873717,0.23766550449832197,0.20770499611739665,0.17112505460104732,49.23288888888891,17.06427221172023,29.659111111111116,61.4555765595463,0.001895802469135803,0.0029914308482316744,0.002554074074074074,0.002011968403486264,0.043540813831803866,0.0546939745148556,0.050537847936710505,0.044854970777900016,brownspotrotated
97,13.493333333333332,13.50378071833648,7.611111111111106,13.726370510396977,0.17813150275224107,0.1882299941887344,0.7350191829591671,0.16102765453505474,0.08680269706979327,0.08428978077936804,0.14019429516171555,0.08029952975062957,314.3573333333334,318.56710775047264,106.42088888888885,327.1611531190927,0.000721283950617284,0.0007354622803663509,0.0009616790123456778,0.000694032504172012,0.026856730080508387,0.027119407817398057,0.03101094987815881,0.02634449665816396,brownspotrotated
98,11.010666666666664,11.900283553875237,9.09733333333333,4.503780718336484,-0.11473526440545911,-0.23566888549576046,0.16849858468392057,0.7996620135102708,0.08094696442321053,0.06912351556055205,0.11563170657313544,0.19748409262710742,180.0853333333333,196.87570888468815,130.60488888888887,31.88468809073725,0.0011905185185185183,0.0012811962864626707,0.0012691358024691354,0.0019337990144403436,0.03450389135327374,0.03579380234709175,0.03562493231529199,0.04397498168777724,brownspotrotated
99,11.973333333333336,10.10680529300567,4.777777777777778,11.956049149338375,0.08658839568089513,0.3570913177780653,0.7407808734430065,0.10276859424396217,0.0717685289592946,0.08553090643647343,0.24619619862312198,0.07235436533295157,217.56888888888892,161.26559546313806,72.35288888888887,224.77646502835537,0.001293728395061729,0.001326422861553525,0.0025825185185185183,0.001372766142202179,0.035968436094188594,0.0364200887087542,0.050818485991994275,0.03705085885917058,brownspotrotated
100,15.897777777777769,15.18714555765595,7.034666666666666,14.881379962192817,0.7511710163569087,0.7732678602477633,0.9358862057128501,0.7733948277756073,0.07381957192630216,0.07096248584333811,0.1572430026912112,0.07590424432093974,440.3448888888886,398.10113421550085,107.70044444444443,400.2670132325141,0.0004680493827160488,0.0004943655504375697,0.0007410370370370366,0.0005121211688065723,0.021634448981105316,0.022234332696025975,0.027221995463908164,0.022630094317226613,blightrotated
101,46.306666666666636,27.901228733459362,32.996888888888854,50.03166351606811,0.07827435795313807,0.5703543152045627,0.4643845280968078,-0.06795753664256705,0.03377943226550234,0.04913009793006116,0.04041754946528579,0.03119686287426125,4191.333333333329,1880.6772211720247,2399.883111111109,4762.064744801513,0.00030943209876543144,0.0003688478457409748,0.00034340740740740664,0.00032965148066223373,0.01759068215747847,0.019205411886782715,0.01853125487945721,0.018156306911435313,blightrotated
102,46.7088888888889,40.58742911153121,17.039999999999996,44.08695652173919,0.20135071182931624,0.34543794609058426,0.8661754811259612,0.27038115911634164,0.037390787279767725,0.03817772151009748,0.09945844138474555,0.03824259282160857,3875.76044444444,3183.4711720226865,698.6124444444439,3592.62287334594,0.0003576296296296293,0.00040759752859659693,0.0005754074074074071,0.0003832533474365814,0.0189110980545718,0.020189044766818386,0.023987651144024232,0.019576857445376197,blightrotated
103,21.319999999999997,14.312854442344038,23.61199999999999,29.96786389413988,0.7076166016262678,0.8263248158248437,0.6057797457099569,0.4289360300942151,0.07366836416817117,0.12436327863129865,0.08551310465925421,0.07695541985862608,1130.3208888888892,616.3761814744801,1546.255555555555,2106.330812854443,0.0006558024691358026,0.0008754971573143316,0.0006667654320987647,0.0006280352057060972,0.02560864051713411,0.029588801214552974,0.025821801488253384,0.025060630592746408,blightrotated
104,52.518666666666654,35.64083175803402,46.596,57.77126654064269,0.12003667323036143,0.5268017750410267,0.26722795040880687,-0.015465330613199416,0.02789329746645707,0.044164032883108266,0.025598516984956462,0.021323167999240424,4832.262666666661,2636.291115311906,4022.1826666666643,5646.952741020791,0.0002640987654320985,0.0003040789233886383,0.0002748641975308642,0.00028732834002165487,0.016251115821139743,0.017437858910675882,0.016579028847639544,0.016950762225388417,blightrotated
105,34.617333333333335,19.43005671077505,40.55199999999998,49.39603024574666,0.5359904368068492,0.8106740409397044,0.41383980419221517,0.2171565198777474,0.05037162577652622,0.09555881540981392,0.03840883656045505,0.025365793579160953,2311.070666666665,924.1342155009453,2960.343111111109,3873.474480151229,0.0003326419753086417,0.00041574947916852775,0.00030785185185185163,0.00030653567561579603,0.018238475136607275,0.02038993573232951,0.017545707505023888,0.01750816025788535,blightrotated
106,40.549333333333315,20.005671077504726,28.643555555555558,48.465973534971646,0.21012784366907872,0.7625010138326433,0.5294835058914558,0.02692670436127492,0.06363084249952325,0.08669013489213004,0.07952935512296061,0.05199761921051281,3394.4648888888887,1010.9357277882796,2136.7937777777774,4250.752362948962,0.00040158024691357993,0.0005353486444087894,0.0004800987654320986,0.00041586114972430767,0.020039467231280875,0.023137602391103306,0.021911156186566208,0.020392673922865232,blightrotated
107,14.642222222222214,16.63988657844991,10.351999999999997,9.709357277882798,0.6087886229302527,0.47494581887697657,0.7890791639409673,0.8363330921614115,0.09026948733726486,0.0923008776197517,0.130788170650887,0.11661523678505702,475.9275555555553,616.0482041587903,249.90577777777784,190.19139886578452,0.0006138271604938265,0.0006204416079130656,0.0007711604938271603,0.0007239602131210228,0.024775535523855512,0.02490866531777778,0.02776977662544588,0.02690650875013373,blightrotated
108,29.031999999999975,38.77741020793954,30.960888888888814,20.50330812854443,0.40733819816184574,0.11613618820727442,0.3934562763921831,0.6400153345411183,0.06182641622851925,0.03857150451796986,0.06900389764914745,0.11013037625221939,1649.7288888888868,2572.403119092629,1860.7066666666656,1054.3662570888469,0.0004531358024691347,0.0004033540474769607,0.0004753580246913566,0.0006390905907283065,0.021286986693027615,0.020083676144495077,0.02180270682028625,0.025280241112938508,blightrotated
109,35.43333333333331,42.81427221172026,29.926222222222204,16.50141776937619,0.4245944220503322,0.2572964606936821,0.5066959799056895,0.8800509118134681,0.05640714323557489,0.042916517514612715,0.06813183611430887,0.08954412837430464,2509.156888888888,3291.2944234404576,2195.6479999999992,533.7348771266545,0.0003505185185185178,0.00032630136398883715,0.0003682962962962957,0.00045539252647038925,0.018722139795400466,0.01806381366126315,0.019191047295452526,0.021339927986532413,blightrotated
110,27.029777777777788,30.080812854442357,29.43733333333333,33.93620037807184,0.6125054028035094,0.37359656427583726,0.4685431591585413,0.42395210763747315,0.07311877613698382,0.07756439401787363,0.06904796689580232,0.05939225450094032,1556.822666666666,2579.103497164461,2371.672000000001,2370.0864839319474,0.0005210864197530865,0.0006189898906879266,0.0005218765432098764,0.0004873303054234371,0.02282731740159335,0.024879507444640594,0.02284461737937137,0.02207555900591052,blightrotated
111,20.9622222222222,17.62948960302459,13.626666666666667,22.835066162570897,0.7948979833287046,0.8576079314753224,0.8997021562782402,0.7601447147966226,0.06547875994960331,0.06877404320475462,0.09787225376712642,0.05580284888489573,939.540888888889,646.4697542533081,459.1377777777778,1099.5146502835546,0.00042459259259259224,0.00046834631094085614,0.0005248395061728394,0.0004308250041988131,0.020605644677917558,0.02164131028706109,0.02290937594463977,0.020756324438561204,blightrotated
112,24.97688888888888,25.186200378071845,14.05333333333332,21.67155009451797,0.5742738659330129,0.5794392988780195,0.8653994894617316,0.6720838662584354,0.07855383210600775,0.05030584885506441,0.07585157255278144,0.05872285504832265,1368.1724444444444,1255.6748582230632,402.206222222222,1000.8813799621927,0.0003916049382716046,0.0003871618168888766,0.00042903703703703653,0.00039475541468190887,0.019789010543016156,0.01967642795044051,0.020713209240410733,0.019868452750073644,blightrotated
113,18.928888888888878,19.49716446124765,12.347555555555548,18.28402646502837,0.45565682661205914,0.41171703393399184,0.7738031212586909,0.4779929088987413,0.0658937330692929,0.061816173665021304,0.09298426599266231,0.06928452818114501,667.3128888888887,735.6039697542541,289.9013333333333,641.6072778827978,0.00042676543209876504,0.00042568815863293884,0.00048819753086419706,0.00044846895201203555,0.020658301771897057,0.020632211675749617,0.022095192483076426,0.021177085541028432,blightrotated
114,20.91466666666667,23.26181474480153,22.07866666666664,20.764650283553888,0.32494484130844936,-0.0705767583305911,0.14059722871739708,0.3251814405108608,0.056660746861757136,0.07701921853352092,0.07915886555383085,0.05411713414637825,953.2444444444442,1453.198487712666,1330.5613333333317,949.7353497164468,0.00048720987654320966,0.0005708598811467942,0.0005772839506172827,0.0005324452099585119,0.02207283118549158,0.02389267421505584,0.024026734081378658,0.023074774320857656,blightrotated
115,42.42977777777776,53.60349716446126,44.28355555555554,26.83553875236297,0.5597537116330035,0.41073947944138495,0.591532785263488,0.806531573920663,0.05882840341796045,0.03662363833052501,0.043653515939425645,0.0713013990000842,4492.334666666665,5925.356805293008,4179.3057777777785,1941.6436672967866,0.0003626666666666664,0.00034383364124627937,0.0003399506172839501,0.00044333210644616054,0.019043809142780928,0.01854275171721499,0.018437749789059134,0.021055453128492878,blightrotated
116,35.53688888888885,24.793005671077516,34.728444444444435,34.50472589792063,0.38427844271234424,0.6094635511877207,0.3669127432610672,0.38357151523803557,0.04083634949391078,0.09657667898156144,0.038499196214434345,0.04187292209516462,2407.432888888886,1497.5586011342157,2336.5382222222197,2366.862003780719,0.0003441975308641967,0.0005355719855203492,0.00035822222222222147,0.00036125424794794216,0.01855256130199269,0.023142428254622486,0.0189267594221045,0.01900668955783574,blightrotated
117,20.34044444444443,22.262287334593587,14.472888888888871,16.72684310018905,0.646762539457247,0.5845969449063879,0.777829616336056,0.7604362733176098,0.05624601603567889,0.058811003248300645,0.11807710930382222,0.07660707877101282,787.2942222222213,945.986294896031,525.7128888888882,550.7258979206052,0.000468246913580246,0.0004771682848474677,0.0006931358024691348,0.0005441706183154006,0.02163901369240858,0.021844181945027553,0.026327472390435334,0.02332746489259818,blightrotated
118,13.564444444444447,16.205576559546312,11.27955555555555,9.150756143667298,0.5364065839870921,0.43913407575875724,0.7894092581483009,0.772615185974883,0.13538714198338717,0.12166802276989895,0.142963398540231,0.1794676792396667,1075.5777777777778,1335.3908317580342,628.6306666666663,526.0883742911151,0.0016742716049382717,0.0015307799786307228,0.0015577283950617274,0.002008059934033969,0.04091786412972055,0.03912518343255048,0.03946806804318812,0.04481138174653811,blightrotated
119,25.653777777777787,36.103024574669206,30.10177777777777,33.57230623818526,0.5321976155746895,0.25836908755209265,0.45558170308573526,0.32434059688324035,0.09481039301279935,0.051997207686835724,0.07108241765761912,0.05213257497777185,1827.9835555555562,2834.2854442344064,2172.000444444442,2582.0089792060494,0.0004869135802469135,0.0004371902258782668,0.000454617283950617,0.0004556158675819484,0.022066118377433615,0.02090909433424286,0.021321756117886188,0.02134516028475655,blightrotated
120,31.470666666666634,33.18903591682421,21.827555555555545,24.456994328922512,0.5510387612688428,0.48982048433808717,0.7932130624501197,0.7091366578299603,0.041570208025353425,0.0358316930402055,0.0470507547842225,0.05511756034802329,1661.8039999999985,1915.9158790170145,844.3262222222221,1072.448487712666,0.0003107160493827155,0.0003226162356481008,0.00033017283950617237,0.00034260526513270085,0.017627139568935045,0.017961520972570803,0.018170658752675213,0.018509599269911296,blightrotated
121,22.13866666666665,10.917296786389423,17.751555555555544,25.75189035916827,0.26158794430091514,0.737373783151008,0.4858246891133532,0.10346634891346151,0.052628581724568725,0.1318784183004212,0.07768331374743344,0.040187715939590654,869.0248888888884,317.5467863894142,665.9799999999996,1087.2197542533083,0.0005257283950617277,0.0009184903212895895,0.0005773827160493825,0.0005140195682548305,0.02292876784874686,0.030306605241920276,0.024028789317179142,0.022671999652761784,blightrotated
122,21.904444444444447,30.760396975425337,24.587999999999994,18.140831758034036,0.5467323177941901,0.22892592398767014,0.4497625403508393,0.6176239336823842,0.09555104177251954,0.05994804720460789,0.07160155265958039,0.09058542948868249,1321.6626666666664,2186.340737240077,1642.1248888888895,1048.0803402646504,0.0005065679012345676,0.00044567718811753816,0.0004694320987654319,0.0005751033622664308,0.02250706336318818,0.021111067905663562,0.021666381764508625,0.02398131277195706,blightrotated
123,7.644888888888887,7.574669187145559,4.896888888888888,7.476370510396976,0.026759786950882637,0.026172348089867764,0.5699758714607918,0.045423869199084733,0.1261507071589456,0.1276200756899728,0.19589337759845535,0.13259636192483149,97.95511111111111,95.97353497164458,40.86222222222222,93.80812854442345,0.0020458271604938275,0.0020846659352989736,0.0025529876543209876,0.0021013048481101763,0.045230820913331075,0.04565814204825875,0.050527098217896776,0.04583999179875774,blightrotated
124,21.997777777777745,20.732986767485848,11.237333333333316,20.83979206049153,0.5242921013703956,0.5801470977510509,0.8922788060472211,0.5711615069320943,0.08365263633711958,0.07757325562164022,0.10700537847097272,0.07837033714156681,1258.325777777776,1088.802930056713,269.80888888888853,1111.314272211722,0.00044039506172839366,0.0004309366747545944,0.0005073580246913576,0.00044679389367533926,0.020985591765027588,0.020759014301131796,0.022524609312735207,0.021137499702550896,blightrotated
125,20.66622222222221,19.512287334593584,8.193333333333333,17.475425330812854,0.2922124905229289,0.3933664000506491,0.8985504695930288,0.4350659067410093,0.12709092975073627,0.07963594275933811,0.12438127325733597,0.12154243014255992,1025.2244444444448,867.1587901701321,140.7506666666667,800.3553875236297,0.001025086419753087,0.000883649107886264,0.0012416790123456795,0.0009986697803395503,0.032016970808511645,0.029726236019487297,0.03523746603184854,0.03160173698295001,blightrotated
126,26.468888888888877,22.471644612476375,15.68533333333333,27.00897920604917,0.6783154418478127,0.7548654653368431,0.8624988791980936,0.6599503971333952,0.06234752658289971,0.056387867198523234,0.09109913012298344,0.05781931067757339,1380.9053333333331,1048.4187145557653,579.5608888888888,1453.578922495275,0.00042617283950617226,0.0004911271043199537,0.0005769876543209871,0.0004581842903648867,0.02064395406665526,0.02216138768940144,0.024020567318882937,0.021405239787605432,blightrotated
127,30.251111111111122,19.993856332703206,21.676888888888875,35.94896030245746,0.43755987403380586,0.7086366792393286,0.6613810311421755,0.2645753779152572,0.0667174894815113,0.08317243360223667,0.07425540102006281,0.054518154607789665,1810.2013333333339,915.6148393194704,1070.801333333333,2348.9603024574676,0.0005484444444444447,0.0006385322379494066,0.0006212345679012339,0.0005006191015612436,0.023418890760333735,0.025269195435339974,0.02492457758721768,0.022374519024131973,blightrotated
128,28.718222222222206,48.267013232514195,42.80577777777773,24.370037807183373,0.7781313665541946,0.47015261380290246,0.5968647431094313,0.8662993053490854,0.0820000450534605,0.05124870299783263,0.05356723636603054,0.07289417822585056,2181.203555555556,5050.999527410208,3952.8964444444405,1243.160207939508,0.00044632098765432047,0.00035801580183032506,0.0003713580246913571,0.000487106964311877,0.021126310318044666,0.018921305500158414,0.0192706519010478,0.022070499865473756,blightrotated
129,46.306666666666636,27.901228733459362,32.996888888888854,50.03166351606811,0.07827435795313807,0.5703543152045627,0.4643845280968078,-0.06795753664256705,0.03377943226550234,0.04913009793006116,0.04041754946528579,0.03119686287426125,4191.333333333329,1880.6772211720247,2399.883111111109,4762.064744801513,0.00030943209876543144,0.0003688478457409748,0.00034340740740740664,0.00032965148066223373,0.01759068215747847,0.019205411886782715,0.01853125487945721,0.018156306911435313,blightrotated
130,46.306666666666636,27.901228733459362,32.996888888888854,50.03166351606811,0.07827435795313807,0.5703543152045627,0.4643845280968078,-0.06795753664256705,0.03377943226550234,0.04913009793006116,0.04041754946528579,0.03119686287426125,4191.333333333329,1880.6772211720247,2399.883111111109,4762.064744801513,0.00030943209876543144,0.0003688478457409748,0.00034340740740740664,0.00032965148066223373,0.01759068215747847,0.019205411886782715,0.01853125487945721,0.018156306911435313,blightrotated
131,46.306666666666636,27.901228733459362,32.996888888888854,50.03166351606811,0.07827435795313807,0.5703543152045627,0.4643845280968078,-0.06795753664256705,0.03377943226550234,0.04913009793006116,0.04041754946528579,0.03119686287426125,4191.333333333329,1880.6772211720247,2399.883111111109,4762.064744801513,0.00030943209876543144,0.0003688478457409748,0.00034340740740740664,0.00032965148066223373,0.01759068215747847,0.019205411886782715,0.01853125487945721,0.018156306911435313,blightrotated
132,32.779999999999994,34.24007561436676,21.401777777777774,31.586483931947082,0.30034307098340474,0.2158616041987345,0.575750516005948,0.33284247959443614,0.06593981719522567,0.07530734562703163,0.13321341233847822,0.06769314175007037,2214.496444444443,2553.817580340264,1481.4497777777765,2172.7433837429126,0.0006874074074074067,0.0007422741842689235,0.0010065185185185181,0.0007141332042123916,0.02621845547333799,0.02724470928949185,0.031725676013577994,0.026723270836714424,blightrotated
133,34.617333333333335,19.43005671077505,40.55199999999998,49.39603024574666,0.5359904368068492,0.8106740409397044,0.41383980419221517,0.2171565198777474,0.05037162577652622,0.09555881540981392,0.03840883656045505,0.025365793579160953,2311.070666666665,924.1342155009453,2960.343111111109,3873.474480151229,0.0003326419753086417,0.00041574947916852775,0.00030785185185185163,0.00030653567561579603,0.018238475136607275,0.02038993573232951,0.017545707505023888,0.01750816025788535,blightrotated
134,14.642222222222214,16.63988657844991,10.351999999999997,9.709357277882798,0.6087886229302527,0.47494581887697657,0.7890791639409673,0.8363330921614115,0.09026948733726486,0.0923008776197517,0.130788170650887,0.11661523678505702,475.9275555555553,616.0482041587903,249.90577777777784,190.19139886578452,0.0006138271604938265,0.0006204416079130656,0.0007711604938271603,0.0007239602131210228,0.024775535523855512,0.02490866531777778,0.02776977662544588,0.02690650875013373,blightrotated
135,52.47866666666666,35.58884688090739,46.55244444444446,57.67202268431004,0.12000816171555848,0.5269605668293302,0.26659061243979026,-0.014688189777312413,0.024039743424138185,0.048704087498460044,0.02503184967114183,0.023406513069907965,4828.709777777774,2632.498109640833,4021.357777777778,5636.8846880907395,0.0002736790123456791,0.0003187077661958046,0.0002772345679012346,0.0002888917278025741,0.016543246729275336,0.017852388249077616,0.016650362395492616,0.01699681522528777,blightrotated
136,29.031999999999975,38.77741020793954,30.960888888888814,20.50330812854443,0.40733819816184574,0.11613618820727442,0.3934562763921831,0.6400153345411183,0.06182641622851925,0.03857150451796986,0.06900389764914745,0.11013037625221939,1649.7288888888868,2572.403119092629,1860.7066666666656,1054.3662570888469,0.0004531358024691347,0.0004033540474769607,0.0004753580246913566,0.0006390905907283065,0.021286986693027615,0.020083676144495077,0.02180270682028625,0.025280241112938508,blightrotated
137,46.306666666666636,27.901228733459362,32.996888888888854,50.03166351606811,0.07827435795313807,0.5703543152045627,0.4643845280968078,-0.06795753664256705,0.03377943226550234,0.04913009793006116,0.04041754946528579,0.03119686287426125,4191.333333333329,1880.6772211720247,2399.883111111109,4762.064744801513,0.00030943209876543144,0.0003688478457409748,0.00034340740740740664,0.00032965148066223373,0.01759068215747847,0.019205411886782715,0.01853125487945721,0.018156306911435313,blightrotated
138,21.24444444444444,15.447542533081277,11.442666666666666,21.419187145557668,0.4609667785080111,0.7064433068467209,0.8385363680069595,0.4426029693149532,0.08482085209223539,0.11743769783810376,0.12003077545687287,0.09836024097807894,1069.128,579.2736294896026,305.9448888888887,1097.1658790170136,0.001002567901234569,0.0011662872845651638,0.0013401481481481483,0.0010146386698160737,0.031663352653099906,0.034150948516332075,0.03660803392901821,0.03185339337992223,blightrotated
139,13.825333333333328,14.246219281663517,10.879999999999999,10.698960302457468,0.22114880065157938,0.2542922469539208,0.5721058600282284,0.5362530366679338,0.09898003495071245,0.08479078931732308,0.1178403234114553,0.1104062163914977,442.2253333333333,437.1951795841207,271.7795555555556,265.7840264650284,0.000764246913580246,0.0007380307031492887,0.0008314074074074076,0.0008710303350831367,0.027645016071260402,0.027166720507806764,0.02883413614810417,0.02951322305481285,blightrotated
140,20.401333333333326,32.41209829867675,26.10044444444442,12.260396975425332,0.7065366975600508,0.31302764444684467,0.5212289712265548,0.8573026594026195,0.06698377211468962,0.04338201424145664,0.05311605925265421,0.11484149050563694,760.0368888888886,1822.3355387523623,1256.8035555555537,366.2802457466918,0.0004358518518518516,0.00039810553135530535,0.0003841975308641968,0.0005887271700715769,0.02087706521165874,0.019952582072386153,0.019600957396622157,0.02426370066728439,blightrotated
141,16.22044444444444,29.26370510396977,27.020888888888887,27.60396975425331,0.8464691451798133,0.47519217287026155,0.5377064550479166,0.49019657157171515,0.08555672616658862,0.03057332090392974,0.05539819788967312,0.05078199345710805,439.11111111111086,1514.9867674858233,1337.956888888888,1471.180529300567,0.00040385185185185137,0.00034294027680004027,0.0003546666666666663,0.0003742080324184094,0.02009606558139805,0.0185186467324165,0.01883259585576737,0.01934445740821927,blightrotated
142,20.61555555555556,26.038752362948976,16.803111111111118,9.120037807183373,0.7207060225888312,0.546396018248388,0.8212606211395909,0.9384732603084142,0.06405170475030869,0.04876650548884001,0.06570481720472333,0.11398673176859327,715.6031111111113,1135.061436672968,459.7977777777775,146.90264650283567,0.00048108641975308644,0.00047459986206453,0.0004871111111111109,0.0006514860224198753,0.021933682311757102,0.021785312989822524,0.02207059380966246,0.02552422422758183,blightrotated
143,18.333333333333307,11.304347826086971,20.623999999999985,24.34877126654068,0.7271297507608031,0.767408281047092,0.5898868538966977,0.41051803301800976,0.08231637518760851,0.25203227516177423,0.07583815140674444,0.07215102912511476,933.7217777777753,614.2419659735359,1231.3155555555536,1679.623818525522,0.0009108148148148114,0.0020862293230798894,0.0008153086419753076,0.0008292655472214583,0.030179708660204314,0.04567525941995173,0.02855360996398367,0.028796971146658086,blastrotated
144,11.078666666666669,9.341209829867676,4.915111111111112,10.906899810964083,0.5788879702868127,0.7060372549936544,0.9176994182754552,0.5901141502581074,0.11458015506655268,0.12252031212213142,0.19059995106871613,0.11305687164773212,211.4946666666667,148.36956521739125,40.40311111111114,204.6290170132325,0.0007642469135802466,0.0009015163968110466,0.0013234567901234573,0.0008107282349619962,0.027645016071260416,0.03002526264349817,0.03637934565276645,0.028473289851402774,blastrotated
145,8.801333333333334,8.380434782608694,3.817333333333333,8.534971644612472,0.08671295314066094,0.13483887235116304,0.7995974424288268,0.09393587714846306,0.1023892572156067,0.1133106209033099,0.23482576120804408,0.1170537286671553,115.03066666666669,105.81616257088844,24.025333333333332,110.88941398865781,0.0015179259259259263,0.0016035891809992094,0.0025764938271604938,0.0015729914487155204,0.03896056886039943,0.04004483963008479,0.050759174807718195,0.039660956225430574,blastrotated
146,22.47688888888886,22.13374291115314,17.25688888888888,22.427693761814755,0.5801960058685757,0.5976875622757027,0.7838043196575607,0.6254984512543892,0.06115007911839759,0.06068632451316323,0.06933684845504043,0.041947214584263565,961.7844444444434,951.8029300567113,579.0079999999997,881.6195652173916,0.0003804444444444434,0.00040525244692521877,0.00038745679012345603,0.00037967988965162413,0.019504985117770365,0.020130882914696484,0.0196839221224698,0.019485376302540942,blastrotated
147,25.03466666666665,23.146030245746694,22.267999999999976,25.33128544423443,0.021758922322346323,0.17018487793321455,0.2513424028523024,0.0359540881524668,0.03377201761603137,0.04686849286657522,0.04883474622920443,0.03973893513189591,1078.1919999999993,944.9163516068063,882.4964444444437,1104.8284499054823,0.00044641975308641916,0.00045405247980103103,0.00042064197530864144,0.00044176871866524303,0.021128647687119476,0.021308507216626672,0.02050955814513422,0.02101829485627326,blastrotated
148,18.447555555555542,27.954158790170148,29.13866666666664,30.02646502835541,0.7600039308271955,0.47077498990954614,0.4282920697094394,0.4200309643108015,0.09846800493018455,0.057697459366107116,0.06010950188540928,0.04798217927264102,766.0182222222219,1591.870037807185,1693.0177777777762,1706.2863894139882,0.00047190123456790015,0.0004055874585925584,0.0003933827160493819,0.0003953137674608082,0.021723287839733197,0.020139202034652675,0.019833877988164137,0.019882499024539348,blastrotated
149,7.040888888888888,7.52315689981097,9.743555555555547,10.380907372400769,0.6941633877504984,0.5527197807855705,0.34613915936560247,0.3456123725451003,0.24759932980329982,0.22194776885697012,0.16004834992574177,0.15806184047879224,183.55288888888882,273.9182419659737,434.0404444444441,401.3875236294899,0.0021502222222222187,0.00207774236084062,0.00159348148148148,0.0016074976504515078,0.04637048869941117,0.04558225927749326,0.039918435358634485,0.04009361109268542,blastrotated
150,17.35333333333332,17.649810964083187,14.021777777777778,18.14697542533083,0.5188741505330942,0.5023921411739738,0.637040059243834,0.5188279535369739,0.06759629577890215,0.06483638438700011,0.10179518039765897,0.06697144051075367,522.5755555555554,553.1885633270325,393.1542222222224,534.9655009451798,0.0004850370370370367,0.0005002840898939046,0.0006170864197530864,0.0005237349066076811,0.022023556412101946,0.022367031316066616,0.024841224199968214,0.022885255222690463,blastrotated
151,12.419999999999991,11.091682419659744,8.358666666666664,13.236767485822318,0.639442118476654,0.6810258231109644,0.7671219880716377,0.5896321477780359,0.08277224001903882,0.09526481588730365,0.1494476392257994,0.07414525737335091,260.24666666666656,245.5151228733462,186.16755555555548,314.0108695652176,0.0007188148148148147,0.000756344674297191,0.001021827160493827,0.0007230668486747842,0.02681072201218786,0.027501721296987778,0.031966031353513794,0.026889902355248227,blastrotated
152,24.68488888888889,26.333648393194732,19.344444444444434,22.108695652173918,0.6780445159680354,0.5790353459553002,0.7190627395980109,0.6812933952556276,0.0587770704142311,0.05402974775311126,0.06284184638283315,0.05579925149871216,1137.568444444445,1254.4669187145569,796.2039999999996,940.2268431001893,0.0004231111111111111,0.000446682223119558,0.0004676543209876534,0.00045181906868543256,0.020569664827388683,0.021134858010395007,0.021625316667916183,0.0212560360529764,blastrotated
153,27.600444444444438,32.626654064272245,21.263999999999985,12.326559546313812,0.36207873485850006,0.14878416401009179,0.49088359161599066,0.863723411198828,0.07775480380250957,0.07013057366759057,0.11170064777379768,0.1425277426643348,1646.2893333333332,2189.118147448018,1265.9431111111103,352.294423440454,0.0005295802469135805,0.0004745998620645309,0.0006364444444444445,0.0009911878531022988,0.023012610606221548,0.021785312989822544,0.02522785057123267,0.03148313601124098,blastrotated
154,12.283555555555557,12.826086956521742,11.385777777777765,11.382325141776944,0.17374073878960028,0.1275678928299154,0.31173122018648813,0.2822301284021253,0.12114741866997698,0.09019521216114108,0.1010056486577357,0.10544972839268442,309.4159999999999,323.40926275992445,246.78133333333324,264.13846880907386,0.0011029135802469137,0.0010733773821562966,0.001165629629629629,0.0011995651101875714,0.03321014273150469,0.032762438586837465,0.03414131851041534,0.0346347384888001,blastrotated
155,7.057333333333333,7.163516068052932,3.631111111111111,5.765595463137997,0.5264569540637491,0.47583394154339187,0.8494782735127941,0.6225293189804124,0.1033835823059556,0.10868534628938237,0.2303333195245501,0.14903358226268298,67.18177777777778,70.95652173913045,20.843555555555557,50.84120982986769,0.0015671111111111114,0.001494598718558039,0.0023830123456790126,0.0016594244588891548,0.03958675423814273,0.03866004033311449,0.0488161074408746,0.0407360339121171,blastrotated
156,21.422666666666654,20.945652173913047,6.378222222222226,20.694706994328918,-0.019357550137634388,-0.0016283131750637093,0.8945183396642352,-0.0060014275106433194,0.05820043339636498,0.05937115312541903,0.16769849922204072,0.06112666484426536,752.304444444444,729.1450850661626,75.9835555555556,733.853497164461,0.00048622222222222133,0.0004986090315572056,0.0008802962962962963,0.0005208314721574035,0.022050447211388283,0.022329555113284404,0.02966978760113217,0.022821732453023883,blastrotated
157,10.096,8.54111531190926,8.6231111111111,10.48345935727788,0.2686305653406902,0.33440131421682967,0.42535589401304963,0.25628077693405205,0.14521711386700917,0.17526968183907182,0.17975705595609925,0.13907328083135667,227.62666666666658,200.1271266540643,214.27199999999962,240.95321361058583,0.0024268641975308553,0.0035395099359993693,0.0032038518518518453,0.002307895376302971,0.04926321343082336,0.05949378064973993,0.056602578137853805,0.048040559700142656,blastrotated
158,16.1142222222222,22.069943289224952,23.45555555555555,20.741493383742924,0.6750091999117849,0.3209128449677808,0.32378089358204293,0.4671257886466512,0.07723895088364217,0.06990948602788327,0.0552853561482272,0.060142771622152355,577.4333333333329,1219.899810964084,1265.236888888888,963.135633270322,0.00044572839506172725,0.0004536057975779107,0.00040948148148148105,0.00041999296028816447,0.02111228066935752,0.021298023325602558,0.020235648778368365,0.020493729779817154,blastrotated
159,7.311999999999997,8.075141776937619,6.657777777777775,5.985822306238188,0.673381527734449,0.6600398027646364,0.7358541103501238,0.7663762890450482,0.19625337161712145,0.12451605471362023,0.14381178106653092,0.18195205082887161,116.60088888888886,115.046786389414,91.18755555555549,74.7277882797732,0.001317925925925926,0.0010964931872027323,0.0013741234567901215,0.0015296632730729238,0.03630324952295491,0.03311333850886576,0.03706917124498633,0.03911090989829978,blastrotated
160,19.58444444444442,23.06521739130437,19.30044444444442,24.068998109640848,0.6827329838858235,0.4114052705933146,0.5241112664745503,0.4223859888614807,0.07283378438152852,0.0653469903290505,0.11026045380479926,0.05637208193066149,801.3871111111106,1337.8487712665421,1129.0639999999985,1272.3591682419672,0.0004903703703703694,0.0005547793211144909,0.0006003950617283944,0.0004921321393219726,0.022144307854849957,0.023553753864607035,0.024502960264596488,0.0221840514632015,blastrotated
161,4.9751111111111115,4.955576559546316,2.6937777777777767,4.4565217391304355,0.5446772402884195,0.557459882110938,0.8281141443953404,0.609529443592305,0.15794202283468595,0.16544296646325507,0.32653937453616516,0.2170913474726612,36.88355555555557,35.53402646502836,13.81822222222222,31.71455576559546,0.002777975308641975,0.002848492536833417,0.004444543209876543,0.0030446977033386814,0.052706501578476776,0.05337127070656475,0.06666740740329222,0.05517877946582981,blastrotated
162,8.55822222222222,10.927693761814746,10.115111111111105,8.389886578449909,0.6493108666382936,0.4895391290862111,0.5240573881383128,0.5385116626183795,0.1375348723869532,0.1343585895946775,0.15198826705222196,0.19654655208542487,179.70844444444444,256.0808128544424,254.28755555555531,231.69423440453693,0.00140079012345679,0.0012585271636393525,0.0013581234567901228,0.00172542175735507,0.03742713084724489,0.035475726400446723,0.03685272658556111,0.04153819636617688,blastrotated
163,7.352444444444445,6.433364839319471,2.0244444444444447,5.598298676748585,0.6215852790993452,0.6981706401522159,0.9652540356425545,0.7464149096341313,0.07226627453569616,0.09190050628254237,0.36033332950211,0.1403644790098814,71.92755555555554,55.21597353497164,6.431555555555554,46.2835538752363,0.0016354567901234558,0.0017410556351642533,0.0036504691358024686,0.0017053210573146891,0.04044078127488953,0.04172595876866406,0.0604191123387498,0.04129553313997398,blastrotated
164,5.583999999999999,5.732514177693761,3.031111111111112,5.652173913043478,0.39821654597752687,0.3649018760550446,0.7912391048981378,0.34650170492196125,0.15708919212804956,0.1423468471643002,0.2735752645998809,0.1652240688053283,47.7582222222222,48.45179584120983,15.096888888888888,49.8553875236295,0.002439604938271604,0.002460102343830961,0.004050370370370368,0.002494608545566946,0.049392357083577254,0.04959941878521321,0.06364252014471432,0.04994605635650272,blastrotated
165,19.625777777777756,20.040642722117205,17.244444444444422,14.092155009451812,0.24651293741163746,0.21771892704363208,0.4428939411742995,0.4893302059252806,0.042088477881745266,0.048068228705611435,0.05098191561476044,0.0976387190234211,634.9973333333332,680.5056710775049,511.92711111111066,438.57136105860116,0.0004882962962962958,0.000497492325999407,0.00046716049382715933,0.000587610464513778,0.02209742736827742,0.0223045359960571,0.021613895850289448,0.024240677888907686,blastrotated
166,8.181777777777775,7.476843100189038,5.017333333333332,8.210775047258984,0.5294111550306428,0.5870785830827058,0.7730198301613151,0.5076694783647755,0.1291679286440432,0.14243453731666236,0.20081464930303533,0.11177160121571547,115.03244444444438,103.45604914933837,55.37377777777777,121.79867674858224,0.0012483950617283932,0.0014016888161491707,0.0019507160493827157,0.00131201735985792,0.03533263451440316,0.0374391348210555,0.04416691125019629,0.0362217801862073,blastrotated
167,11.795555555555554,15.18147448015124,11.237333333333327,11.593572778827987,0.7235994552244854,0.5500985692948399,0.682307375830973,0.7064124563271301,0.08695153180254513,0.06538402964363853,0.11430463326666584,0.09792851106595646,226.41599999999994,373.8166351606806,271.05511111111093,246.9281663516068,0.0006215308641975303,0.0005998942256495653,0.0006770370370370362,0.0006642164657787815,0.024930520736589724,0.024492738222778712,0.0260199353772648,0.02577239736188276,brownspotrotated
168,8.824888888888891,7.599243856332703,4.524000000000001,8.950378071833653,-0.05736331743841319,0.09834918020831257,0.6163132595164942,-0.11009233894673384,0.10217252867725653,0.13719535863301213,0.2316732992847406,0.09822986945938429,117.49244444444444,93.02079395085066,40.45822222222223,120.26890359168236,0.0021430123456790103,0.002205381806097033,0.0032182716049382718,0.0021729973449208647,0.04629268134034807,0.046961492800985716,0.056729812311854796,0.046615419604685154,brownspotrotated
169,11.904888888888888,12.75283553875236,6.905777777777777,13.149338374291109,0.19854354226978033,-0.03570142718390693,0.5390191221486794,-0.060838955482228084,0.09182885662294762,0.09071830684231429,0.17902681088576275,0.08084850470975671,230.67022222222215,283.711247637051,121.01599999999999,291.8790170132323,0.0011365925925925923,0.001152886817871576,0.0018265679012345677,0.0011455165611901027,0.033713388921800674,0.03395418704477514,0.04273836568277462,0.03384548066123604,brownspotrotated
170,11.867999999999991,20.41918714555765,19.555555555555546,21.79678638941399,0.807813195216112,0.32226640329052303,0.3023321272416815,0.28632442072333786,0.11332021857387621,0.08882053053011801,0.12947906520271266,0.07497935995146511,276.2333333333332,995.7698487712663,1026.151999999999,1046.7126654064273,0.0008205432098765425,0.0007469643476116787,0.0009441975308641965,0.0006983876558474267,0.02864512541212802,0.027330648503313616,0.03072779736434417,0.02642702510399963,brownspotrotated
171,10.882222222222229,9.457939508506621,5.2622222222222215,10.52315689981097,0.7599165736804973,0.8111299925908585,0.9338698147218278,0.7799298122346779,0.08090798372936331,0.11439996344880836,0.1890655465821473,0.09133372351795851,189.04844444444447,145.7925330812855,50.6817777777778,172.56379962192833,0.0007768888888888887,0.0008461278011442214,0.0011438024691358029,0.0007984444738262093,0.027872726613822493,0.029088276008457797,0.03382014886330045,0.028256759789937157,brownspotrotated
172,29.786666666666598,26.795368620037845,26.375999999999966,28.387996219281682,0.5477056417013989,0.4853504511624306,0.5708777338768483,0.6255536041146582,0.0963983578508454,0.12743378518813628,0.10568860091854029,0.0899449323163425,2022.9315555555522,2223.8369565217417,1797.1964444444418,1611.0127599243879,0.0005989135802469125,0.0007145798864355131,0.0007170370370370361,0.0006105029284486561,0.024472710929664344,0.02673162708170816,0.026777547255808103,0.02470835746156867,brownspotrotated
173,18.462666666666674,10.399338374291121,14.366222222222213,20.824669187145556,0.460733591556059,0.725421989492136,0.6133237941423858,0.41843675099532435,0.062166202437273235,0.21468891738668003,0.08969173805172814,0.03388962343743319,647.3862222222219,322.81427221172055,451.2222222222217,689.7802457466921,0.0007518024691358028,0.001760821323537294,0.0007631604938271596,0.0007228435075632233,0.02741901656033277,0.04196214155089435,0.02762535961444049,0.026885749153840278,brownspotrotated
174,22.235111111111102,28.07703213610586,24.687999999999985,13.870037807183374,0.5950124337952333,0.3627079951327855,0.4781080803921733,0.7856368873893605,0.10897904469050529,0.08380189394032522,0.08969454512449877,0.16833478651256983,1366.489333333332,2011.0619092627596,1648.4657777777757,656.66965973535,0.0011595061728395053,0.0010480281659942603,0.0010755555555555549,0.0015493172908901856,0.03405152232778302,0.03237326313478856,0.03279566366999691,0.03936136800074644,brownspotrotated
175,23.14799999999998,19.235822306238205,21.859555555555545,22.972589792060493,0.6571291375747588,0.6935454778953649,0.6809328473058535,0.6399547342596544,0.07535227690322382,0.164346613248404,0.06828665758148018,0.06569182788296934,1096.082222222222,942.4541587901707,994.137777777777,1121.2438563327028,0.0007379753086419743,0.0013978920172526552,0.0007575308641975302,0.0006540544452028118,0.027165700959886425,0.037388394151830796,0.02752327858736183,0.025574488170886468,brownspotrotated
176,30.00844444444443,38.69045368620039,34.51600000000003,17.92911153119095,0.5708611693295802,0.33732953871886295,0.43290524442284006,0.7897695171830298,0.06727988279423255,0.05234729988352985,0.055163586222697236,0.11253661427266397,2240.2582222222222,3216.432419659738,2695.6991111111106,1003.5765595463143,0.0005045925925925924,0.00045114904535075345,0.00043930864197530827,0.0006242384068095818,0.022463138529435114,0.02124026942745203,0.020959690884536163,0.02498476349316883,brownspotrotated
177,15.416888888888886,10.146975425330808,12.783111111111113,16.35491493383742,0.6176060108304744,0.7399054962720274,0.7227709301309205,0.5750221220365571,0.14142642775411735,0.3247993258205493,0.14748873026939616,0.13158439304171088,720.1955555555555,463.2159735349717,516.8613333333335,768.1252362948953,0.0024906666666666666,0.006144225649565284,0.002540049382716047,0.0024072821709470718,0.049906579392567735,0.07838511114724074,0.05039890259436258,0.04906406190835683,brownspotrotated
178,3.5542222222222235,3.3955576559546317,3.1671111111111108,3.9896030245746696,0.5228040712919847,0.5496586687300556,0.5649562911026007,0.49148820519117487,0.2685305698594624,0.29326993795636164,0.34072602914869893,0.25350248649361357,39.56844444444446,38.31805293005671,39.59200000000002,43.65973534971645,0.004860444444444447,0.005527469169992959,0.006562567901234571,0.004796808723525145,0.069716887799474,0.07434695131606245,0.08100967782453261,0.06925899741928947,brownspotrotated
179,14.383555555555555,17.137051039697557,12.868444444444442,14.108695652173921,0.6369101293010354,0.506300093443434,0.7172591169980588,0.6763054748573758,0.18315584134595858,0.15989048330491965,0.22178184213483998,0.18489833458327767,569.7453333333335,798.613421550095,486.09511111111107,528.734404536862,0.0024312098765432114,0.002405830453721934,0.0034086913580246916,0.002593101975764809,0.0493073004386086,0.049049265577803855,0.05838399916094042,0.05092250951951218,brownspotrotated
180,16.965333333333334,16.45132325141778,14.37333333333333,14.02882797731569,0.1782502212234337,0.2230759777995481,0.3881471904965553,0.30881858321942884,0.1033526635386859,0.09267746851676169,0.12005189718244333,0.14039382540734152,713.5208888888893,645.601606805293,508.87022222222214,571.8993383742915,0.0008026666666666664,0.0008266971244385203,0.0010091851851851852,0.0011904081246136204,0.0283313724811677,0.0287523411992575,0.03176767516179277,0.03450229158496027,brownspotrotated
181,4.697777777777777,3.397920604914934,3.9137777777777787,4.861058601134217,0.21724012994372163,0.5108393000930288,0.31701494471145086,0.10654714361157575,0.24939204106177923,0.29141324200908314,0.3015067931705955,0.22932620083918184,51.17866666666667,29.208884688090734,41.64977777777776,52.297731568998074,0.0052690370370370295,0.006613912007175502,0.006160790123456786,0.005681909548636543,0.07258813289400017,0.0813259614586603,0.07849070087250327,0.07537844220091407,brownspotrotated
182,21.392888888888866,11.44801512287335,20.515555555555537,25.34971644612479,0.32053650205394363,0.7153192408856907,0.37047139043031385,0.14731720838694745,0.08068624783808329,0.1851310862136141,0.07696541139474189,0.05591877946177251,1110.156444444443,444.9782608695656,989.7199999999993,1346.5500945179588,0.0008002962962962945,0.0014339616067695594,0.0008021728395061718,0.0008002312027186869,0.028289508590576374,0.03786768552168933,0.028322655940186327,0.0282883580774616,brownspotrotated
183,22.616888888888866,19.030718336483943,24.602222222222196,23.477315689981097,0.6034388465663293,0.5878427639294084,0.4829641266130062,0.5521236314387288,0.06834770117869442,0.13536123580381695,0.0510657983066435,0.058532877091300395,1008.2471111111099,924.9182419659736,1168.7426666666668,1013.7202268431001,0.0005769876543209873,0.0010089434714713,0.0005289876543209871,0.0005330035627374115,0.024020567318882944,0.03176387053668523,0.022999731614107743,0.023086869920745243,brownspotrotated
